IMG_3690.jpg,IMG_3785.jpg,IMG_3882.jpg,IMG_3690.jpg,IMG_3785.jpg,IMG_3882.jpg,IMG_3690.jpg,IMG_3785.jpg,IMG_3882.jpg,IMG_3690.jpg,IMG_3785.jpg,IMG_3882.jpg
IMG_3959.jpg,IMG_4003.jpg,IMG_4058.jpg,IMG_3959.jpg,IMG_4003.jpg,IMG_4058.jpg,IMG_3959.jpg,IMG_4003.jpg,IMG_4058.jpg,IMG_3959.jpg,IMG_4003.jpg,IMG_4058.jpg
IMG_4148.jpg,IMG_4244.jpg,IMG_4288.jpg,IMG_4148.jpg,IMG_4244.jpg,IMG_4288.jpg,IMG_4148.jpg,IMG_4244.jpg,IMG_4288.jpg,IMG_4148.jpg,IMG_4244.jpg,IMG_4288.jpg
IMG_3690.jpg,IMG_3785.jpg,IMG_3882.jpg,IMG_3690.jpg,IMG_3785.jpg,IMG_3882.jpg,IMG_3690.jpg,IMG_3785.jpg,IMG_3882.jpg,IMG_3690.jpg,IMG_3785.jpg,IMG_3882.jpg
IMG_3959.jpg,IMG_4003.jpg,IMG_4058.jpg,IMG_3959.jpg,IMG_4003.jpg,IMG_4058.jpg,IMG_3959.jpg,IMG_4003.jpg,IMG_4058.jpg,IMG_3959.jpg,IMG_4003.jpg,IMG_4058.jpg
IMG_4148.jpg,IMG_4244.jpg,IMG_4288.jpg,IMG_4148.jpg,IMG_4244.jpg,IMG_4288.jpg,IMG_4148.jpg,IMG_4244.jpg,IMG_4288.jpg,IMG_4148.jpg,IMG_4244.jpg,IMG_4288.jpg
IMG_3690.jpg,IMG_3785.jpg,IMG_3882.jpg,IMG_3690.jpg,IMG_3785.jpg,IMG_3882.jpg,IMG_3690.jpg,IMG_3785.jpg,IMG_3882.jpg,IMG_3690.jpg,IMG_3785.jpg,IMG_3882.jpg
IMG_3959.jpg,IMG_4003.jpg,IMG_4058.jpg,IMG_3959.jpg,IMG_4003.jpg,IMG_4058.jpg,IMG_3959.jpg,IMG_4003.jpg,IMG_4058.jpg,IMG_3959.jpg,IMG_4003.jpg,IMG_4058.jpg
IMG_4148.jpg,IMG_4244.jpg,IMG_4288.jpg,IMG_4148.jpg,IMG_4244.jpg,IMG_4288.jpg,IMG_4148.jpg,IMG_4244.jpg,IMG_4288.jpg,IMG_4148.jpg,IMG_4244.jpg,IMG_4288.jpg
IMG_3690.jpg,IMG_3785.jpg,IMG_3882.jpg,IMG_3690.jpg,IMG_3785.jpg,IMG_3882.jpg,IMG_3690.jpg,IMG_3785.jpg,IMG_3882.jpg,IMG_3690.jpg,IMG_3785.jpg,IMG_3882.jpg
IMG_3959.jpg,IMG_4003.jpg,IMG_4058.jpg,IMG_3959.jpg,IMG_4003.jpg,IMG_4058.jpg,IMG_3959.jpg,IMG_4003.jpg,IMG_4058.jpg,IMG_3959.jpg,IMG_4003.jpg,IMG_4058.jpg
IMG_4148.jpg,IMG_4244.jpg,IMG_4288.jpg,IMG_4148.jpg,IMG_4244.jpg,IMG_4288.jpg,IMG_4148.jpg,IMG_4244.jpg,IMG_4288.jpg,IMG_4148.jpg,IMG_4244.jpg,IMG_4288.jpg